id,name,market,image_url,brand,price,currency,search_keywords,categories,keywords,event_type,group,sales_since,timestamp,frequency
B08KD5H24N,Marc Jacobs The Small Tote Bag,,https://m.media-amazon.com/images/I/61iJ6FJ7mNL._AC_UY879_.jpg,Marc Jacobs,175,USD,,"Clothing, Shoes & Jewelry",,product,product,"[61, 78, 110, 120, 167, 176, 193, 198, 383, 772, 1009, 10874]",1642341600,10874
B082HHNT4C,UGG Women's Classic Ultra Mini Boot,,https://m.media-amazon.com/images/I/61Kmb5cY5jL._AC_UY695_.jpg,UGG,149,USD,,"Clothing, Shoes & Jewelry",,product,product,"[1, 1, 1, 2, 13, 21, 27, 27, 28, 29, 32, 9554]",1629270000,9554
B0B42YRSVZ,"LENDPLEX Charm Bracelet For charms, S925 Sterling Silver Basic heart clasp Iconic Snake Chain Bracelet Gift for Girls Women",,https://m.media-amazon.com/images/I/61PayyHju-L._AC_UY695_.jpg,LENDPLEX,16,USD,,"Clothing, Shoes & Jewelry",,product,product,"[1, 22, 301, 678, 1606, 1837, 1952, 2169, 2240, 2310, 2484, 7071]",1664175600,7071
B07Z8RMCXN,"Travelers Club Chicago Hardside Expandable Spinner Luggages, Rose Gold, 3 Piece Set",,https://m.media-amazon.com/images/I/61pxib+BtsL._AC_SX679_.jpg,Travelers Club,101,USD,,"Clothing, Shoes & Jewelry",,product,product,"[92, 508, 742, 1132, 1421, 1615, 1710, 2045, 2363, 2518, 2639, 5319]",1638900000,5319
B082MC78GT,Marc Jacobs Women's The Large Tote Bag,,https://m.media-amazon.com/images/I/711ZkdxtlJL._AC_UY695_.jpg,Marc Jacobs,184,USD,,"Clothing, Shoes & Jewelry",,product,product,"[1, 16, 53, 75, 130, 229, 310, 343, 406, 462, 607, 4621]",1637485200,4621
B0BM53Q7GD,Jordan Mens Air 4 DH6927 140 Midnight Navy - Size 11,,https://m.media-amazon.com/images/I/71NAzFdPanL._AC_SX395_.jpg,Jordan,378,USD,,"Clothing, Shoes & Jewelry",,product,product,"[135, 475, 1065, 2281, 3317, 3319, 3678, 3815, 3997, 4003, 4018, 4073]",1668276000,4073
B08Q9SDCFJ,Nike womens Dunk Low,,https://m.media-amazon.com/images/I/51saaQNYpsL._AC_SY695_.jpg,Nike,129,USD,,"Clothing, Shoes & Jewelry",,product,product,"[6, 20, 52, 87, 121, 147, 176, 211, 236, 275, 336, 3821]",1641434400,3821
B08KDH4MW8,Marc Jacobs The Small Tote Bag,,https://m.media-amazon.com/images/I/71ZU-PTkfyL._AC_SY879_.jpg,Marc Jacobs,195,USD,,"Clothing, Shoes & Jewelry",,product,product,"[11, 94, 141, 291, 473, 582, 599, 600, 604, 606, 698, 3811]",1641585600,3811
B0BKWZ99JD,Nike Mens 4 DH6927 140 Midnight Navy - Size 11.5,,https://m.media-amazon.com/images/I/71NAzFdPanL._AC_SX695_.jpg,Jordan,427,USD,,"Clothing, Shoes & Jewelry",,product,product,"[105, 324, 658, 896, 2510, 2511, 2528, 2561, 2609, 2825, 2864, 3691]",1667145600,3691
B09434W895,"Travelers Club Midtown Hardside Luggage Travel Set, Spinner Wheels,Zippered Divider,Telescopic Handle,Lightweight, Lilac, 4-Piece Set",,https://m.media-amazon.com/images/I/91hpg6dwtJS._AC_SX679_.jpg,Travelers Club,124,USD,,"Clothing, Shoes & Jewelry",,product,product,"[119, 209, 419, 636, 869, 1151, 1484, 1695, 1867, 1985, 2072, 3628]",1641067200,3628
B07VVK39F7,"LEVOIT Air Purifier for Home Allergies Pets Hair in Bedroom, Covers Up to 1095 ft² by 45W High Torque Motor, 3-in-1 Filter with HEPA sleep mode, Remove Dust Smoke Pollutants Odor, Core300-P, White",,https://m.media-amazon.com/images/I/71t-9BTIg9L._AC_SY879_.jpg,Visita lo Store di LEVOIT,84,USD,,Home & Kitchen,,product,product,"[1, 1, 1, 1, 1, 1, 1, 1, 3, 11, 22, 6766]",1611644400,6766
B0BLSCY6PR,"Adhesive Shower Caddy, 5 Pack Rustproof Stainless Steel Bath Organizers With Large Capacity, No Drilling Shelves for Bathroom Storage & Home Decor",,"https://m.media-amazon.com/images/I/81RLgrUwG5L._AC_SX679_PIbundle-5,TopRight,0,0_SH20_.jpg",EUDELE,22,USD,,Home & Kitchen,,product,product,"[16, 21, 55, 102, 148, 262, 371, 494, 678, 889, 1239, 6176]",1673989200,6176
B0CJZZNS72,Stanley Quencher H2.0 Tumbler with Handle & Straw 40 oz | Twist On 3-Way Lid | Cupholder Compatible for Travel | Insulated Stainless Steel Cup | BPA-Free | Lilac,,https://m.media-amazon.com/images/I/51trbmB3icL._AC_SY879_.jpg,STANLEY,45,USD,,Home & Kitchen,,product,product,"[1097, 1688, 2201, 2629, 3136, 3506, 3802, 4017, 4386, 4856, 5390, 5390]",1707836400,5390
B08FRR2YSN,"SESENO. 12 Pack Shoe Storage Boxes, Clear Plastic Stackable Shoe Organizer Bins, Drawer Type Front Opening Shoe Holder Containers",,https://m.media-amazon.com/images/I/71nIxdtkM6L._AC_SX679_.jpg,SESENO.,33,USD,,Home & Kitchen,,product,product,"[291, 627, 967, 1233, 1398, 1520, 1591, 1786, 1943, 2015, 2067, 4213]",1641006000,4213
B07NXT3C4P,"Lilola Home Linen Reversible Sleeper Sectional Sofa with Storage Chaise, Dark. Gray",,https://m.media-amazon.com/images/I/81gfkzqp8hL._AC_SX679_.jpg,Lilola Home,408,USD,,Home & Kitchen,,product,product,"[61, 123, 152, 199, 254, 331, 358, 385, 412, 472, 628, 3742]",1641049200,3742
B093WSR1D9,"Devion Furniture Fabric Sectional Sofa Couch with Storage Ottoman, Living Room Set, Left Facing Chaise, 2 Cup Holders, 2 Throw Pillows (Dark Gray)",,https://m.media-amazon.com/images/I/71Se4bDMn2L._AC_SX679_.jpg,Devion Furniture,589,USD,,Home & Kitchen,,product,product,"[1, 10, 25, 44, 63, 87, 98, 142, 219, 324, 480, 3525]",1656205200,3525
B093WWWWST,Devion Furniture Contemporary Reversible Sectional Sleeper Sectional Sofa with Storage Chaise in Dark Gray Fabric,,https://m.media-amazon.com/images/I/718nc67FKPL._AC_SX679_.jpg,Devion Furniture,444,USD,,Home & Kitchen,,product,product,"[35, 126, 203, 224, 301, 385, 463, 567, 714, 906, 1030, 3050]",1643659200,3050
B079DNPHVC,Home Life Comfort Sleep 6-Inch Mattress GreenFoam Certified - Twin - New3 (furMattB3260twin_D),,https://m.media-amazon.com/images/I/81rtlb-eXLL._AC_SX679_.jpg,Home Life,74,USD,,Home & Kitchen,,product,product,"[8, 29, 200, 404, 542, 865, 1327, 1710, 1943, 2040, 2152, 2973]",1642046400,2973
B0CP9YBWMG,Stanley Quencher H2.0 Tumbler with Handle & Straw 30 oz | Twist On 3-Way Lid | Cupholder Compatible for Travel | Insulated Stainless Steel Cup | BPA-Free | Cream 2.0,,https://m.media-amazon.com/images/I/51eyeg7R2gL._AC_SY879_.jpg,STANLEY,28,USD,,Home & Kitchen,,product,product,"[394, 673, 815, 1057, 1327, 1569, 1800, 2031, 2189, 2333, 2823, 2968]",1706025600,2968
B08FKYJHCF,"AquaOasis® Cool Mist Humidifier (2.2L Water Tank) Quiet Ultrasonic Humidifiers for Bedroom & Large room - Adjustable -360 Rotation Nozzle, Auto-Shut Off, Humidifiers for Babies Nursery & Whole House",,https://m.media-amazon.com/images/I/81+rXQjaoGL._AC_SX679_.jpg,AquaOasis,29,USD,,Home & Kitchen,,product,product,"[391, 625, 797, 943, 1052, 1122, 1187, 1256, 1363, 1519, 1680, 2952]",1641006000,2952
0735211299,Atomic Habits: An Easy & Proven Way to Build Good Habits & Break Bad Ones ,,https://m.media-amazon.com/images/I/81YkqyaFVEL._SY522_.jpg,James Clear (Author),13,USD,,Books,,product,product,"[4, 4, 5, 5, 5, 86, 191, 249, 327, 358, 390, 1326]",1627945200,1326
1501110365,It Ends with Us: A Novel (1) ,,https://m.media-amazon.com/images/I/813aV273-rL._SY522_.jpg,Colleen Hoover (Author),11,USD,,Books,,product,product,"[72, 146, 182, 240, 277, 334, 501, 716, 805, 869, 935, 1324]",1641081600,1324
0500513600,Chanel: Collections and Creations ,,https://m.media-amazon.com/images/I/513bPIOWqoL._SY522_.jpg,Daniele Bott (Author),24,USD,,Books,,product,product,"[1, 1, 1, 2, 4, 6, 8, 15, 18, 28, 31, 1253]",1612087200,1253
B0B6XFT4RH,"Interesting Facts For Curious Minds: 1572 Random But Mind-Blowing Facts About History, Science, Pop Culture And Everything In Between ",,https://m.media-amazon.com/images/I/71hwUY5ZmxL._SY522_.jpg,Jordan Moore (Author),11,USD,,Books,,product,product,"[11, 50, 121, 551, 566, 582, 591, 604, 610, 623, 627, 1111]",1661220000,1111
1542025605,Reminders of Him: A Novel ,,https://m.media-amazon.com/images/I/61ctngWorgL._SY522_.jpg,Colleen Hoover (Author),11,USD,,Books,,product,product,"[2, 44, 151, 205, 246, 277, 313, 367, 490, 573, 629, 1071]",1637568000,1071
1639730192,A Court of Thorns and Roses Paperback Box Set (5 books) ,,https://m.media-amazon.com/images/I/81h4xinmqmL._SY522_.jpg,Sarah J. Maas (Author),55,USD,,Books,,product,product,"[1, 3, 4, 16, 16, 17, 27, 52, 75, 101, 115, 1006]",1651183200,1006
0545162076,Harry Potter Paperback Box Set (Books 1-7) ,,https://m.media-amazon.com/images/I/81GJMtnxqDL._SY522_.jpg,"J. K. Rowling (Author), Mary GrandPré (Illustrator)",45,USD,,Books,,product,product,"[29, 76, 103, 137, 167, 195, 224, 252, 285, 305, 326, 953]",1638925200,953
1668001225,It Starts with Us: A Novel (2) (It Ends with Us) ,,https://m.media-amazon.com/images/I/71PNGYHykrL._SY522_.jpg,Colleen Hoover (Author),10,USD,,Books,,product,product,"[16, 28, 48, 62, 78, 134, 217, 314, 502, 595, 672, 953]",1644613200,953
1250181909,Let That Sh*t Go: A Journal for Leaving Your Bullsh*t Behind and Creating a Happy Life (Zen as F*ck Journals) ,,https://m.media-amazon.com/images/I/71hTq4t1PEL._SY522_.jpg,Monica Sweeney (Author),10,USD,,Books,,product,product,"[1, 24, 97, 164, 215, 268, 301, 330, 378, 422, 450, 887]",1636549200,887
B08XLLF3PG,"Stop Overthinking: 23 Techniques to Relieve Stress, Stop Negative Spirals, Declutter Your Mind, and Focus on the Present (The Path to Calm) ",,https://m.media-amazon.com/images/I/71k9zlFpoDL._SY522_.jpg,Nick Trenton (Author),10,USD,,Books,,product,product,"[1, 1, 1, 1, 33, 73, 106, 143, 167, 194, 226, 806]",1630836000,806
B002XQ1X4G,"Paco Rabanne 1 Million EDT Spray - Notes of Leather, Amber and Tangerine for Rebellious Men",,https://m.media-amazon.com/images/I/61ImSc3y0+L._SY450_.jpg,Paco Rabanne,71,USD,,Beauty & Personal Care,,product,product,"[1, 2, 8, 41, 70, 107, 146, 224, 339, 449, 579, 3528]",1615755600,3528
B01N9SPQHQ,La Roche-Posay Toleriane Double Repair Face Moisturizer | Daily Moisturizer Face Cream with Ceramide and Niacinamide for All Skin Types | Oil Free | Fragrance Free,,https://m.media-amazon.com/images/I/51+IHPKXFIL._SX522_.jpg,La Roche-Posay,22,USD,,Beauty & Personal Care,,product,product,"[47, 113, 165, 242, 298, 349, 413, 473, 534, 592, 623, 3275]",1641085200,3275
B078N1DBY9,"XIKEZAN Upgraded Beard Grooming Kit w/Beard Conditioner,Beard Oil,Beard Balm,Beard Brush,Beard Wash,Beard Comb,Beard Scissor,Bag,E-Book,Beard Care Daddy Gifts for Men Him Dad Husband Boyfriend",,https://m.media-amazon.com/images/I/81RSVLJPAyL._SX355_.jpg,XIKEZAN,19,USD,,Beauty & Personal Care,,product,product,"[2, 3, 7, 16, 19, 22, 27, 37, 74, 168, 291, 2808]",1615114800,2808
B000NVFM0E,Versace The Dreamer for Men 3.4 oz Eau de Toilette Spray,,https://m.media-amazon.com/images/I/61LsPL7+kaL._SX679_.jpg,Versace,36,USD,,Beauty & Personal Care,,product,product,"[1, 1, 23, 83, 120, 142, 159, 191, 244, 304, 383, 2763]",1633798800,2763
B00NAH3GNI,Bleu De Chanel by Chanel for Men - 3.4 oz EDP Spray,,https://m.media-amazon.com/images/I/516iYDHLqOL._SX425_.jpg,CHANEL,118,USD,,Beauty & Personal Care,,product,product,"[1, 1, 1, 2, 2, 3, 5, 9, 10, 15, 20, 2413]",1614704400,2413
B01FS6H5TO,"Wahl 5 Star Cordless Magic Clip, Professional Hair Clippers, Pro Haircutting Kit, Clippers for Blunt Cuts, Adjustable Taper Lever, Crunch Blade, Cordless, Lightweight, Barbers Supplies",,https://m.media-amazon.com/images/I/71c-OpMoYTL._AC_SX679_.jpg,WAHL,103,USD,,Beauty & Personal Care,,product,product,"[9, 11, 14, 24, 30, 39, 51, 72, 90, 97, 130, 2323]",1610812800,2323
B09H98513L,The Hair Diagram - Bold Hold Active Reloaded - Strong Hold Glue for Wigs and Hair Systems - Invisible Bonding - Formulated for Oily Skin - Non Toxic - Humidity Resistant & Water- Resistant -1.3oz,,https://m.media-amazon.com/images/I/717AgMAkCIL._SX679_.jpg,Bold Hold Active,23,USD,,Beauty & Personal Care,,product,product,"[24, 74, 138, 192, 242, 332, 443, 545, 654, 758, 842, 2315]",1641200400,2315
B07VQK6Q1H,"Bad Boy by Carolina Herrera - Seductive, Spicy Men's Fragrance with Oriental Accords, 3.4 oz",,https://m.media-amazon.com/images/I/51iomPcaZ9L._SX679_.jpg,Carolina Herrera,86,USD,,Beauty & Personal Care,,product,product,"[3, 5, 5, 7, 15, 31, 56, 125, 161, 203, 244, 2311]",1624888800,2311
B07FTXBNVL,"Everyday Essentials + Sponge Kit, Makeup Brushes & Makeup Blending Sponge Set, For Foundation, Blush, Bronzer, Eyeshadow, & Powder, Vegan Synthetic Bristles, 5 Piece Set",,https://m.media-amazon.com/images/I/51J9YFwZo0L._SX679_.jpg,Real Techniques,18,USD,,Beauty & Personal Care,,product,product,"[7, 18, 28, 61, 71, 149, 263, 283, 320, 360, 422, 2250]",1622307600,2250
B00384YBE6,"Paco Rabanne 1 Million Fragrance For Men - Fresh And Spicy Notes Of Amber, Leather Tangerine Adds A Touch Irresistible Seduction Ideal With Rebellious Charm Edt Spray 6.8 Oz",,https://m.media-amazon.com/images/I/71zbGAM5eCL._SX679_.jpg,Paco Rabanne,85,USD,,Beauty & Personal Care,,product,product,"[1, 1, 2, 2, 5, 11, 25, 32, 37, 48, 56, 2053]",1612220400,2053
B093BXFCVM,"Home Foldable Treadmill with Incline, Folding Treadmill for Home Workout, Electric Walking Treadmill Machine 15 Preset or Adjustable Programs 250 LB Capacity MP3",,https://m.media-amazon.com/images/I/41bNESP0EkL._AC_SY355_.jpg,Anwick,85,USD,,Sports & Outdoors,,product,product,"[37, 96, 250, 421, 560, 662, 838, 931, 992, 1046, 1162, 3359]",1641297600,3359
B0CT4BB651,Stanley IceFlow Flip Straw Tumbler with Handle 30 oz | Twist On Lid and Flip Up Straw | Leak Resistant Water Bottle | Insulated Stainless Steel |BPA-Free | Lilac,,https://m.media-amazon.com/images/I/51SxIyLWwUL._AC_SY879_.jpg,STANLEY,25,USD,,Sports & Outdoors,,product,product,"[273, 602, 843, 1037, 1221, 1529, 1816, 1975, 2090, 2375, 2664, 2664]",1707868800,2664
B0835947BK,"Hover-1 Alpha Foldable Electric Scooter with 450W Brushless Motor, 18 mph Max Speed, 10” Air-Filled Tires and 12 Mile Range",,https://m.media-amazon.com/images/I/61fN+-oKOjL._AC_SX679_.jpg,Hover-1,164,USD,,Sports & Outdoors,,product,product,"[1, 1, 1, 1, 1, 1, 1, 1, 1, 1, 42, 2305]",1614614400,2305
B07D528W98,YOSUDA Indoor Cycling Bike Brake Pad/Magnetic Stationary Bike - Cycle Bike with Ipad Mount & Comfortable Seat Cushion,,https://m.media-amazon.com/images/I/61CCbx3dtkS._AC_SX679_.jpg,YOSUDA,319,USD,,Sports & Outdoors,,product,product,"[2, 2, 4, 4, 4, 17, 26, 31, 34, 37, 40, 2300]",1611082800,2300
B08R9X7Q6C,"MarCoolTrip MZ ABS Stimulator,Ab Machine,Abdominal Toning Belt Workout Portable Ab Stimulator Home Office Fitness Workout Equipment for Abdomen",,https://m.media-amazon.com/images/I/71pdDTZngrL._AC_SX679_.jpg,MarCoolTrip MZ,55,USD,,Sports & Outdoors,,product,product,"[15, 64, 125, 227, 292, 374, 422, 476, 525, 559, 611, 1649]",1641117600,1649
B003H3DHEI,'47 CLEAN Up,,https://m.media-amazon.com/images/I/61mcZbTPAmS._AC_SX679_.jpg,'47,21,USD,,Sports & Outdoors,,product,product,"[1, 24, 70, 138, 171, 213, 294, 390, 469, 531, 571, 1558]",1637132400,1558
B0CT47PNRQ,Stanley IceFlow Flip Straw Tumbler with Handle 30 oz | Twist On Lid and Flip Up Straw | Leak Resistant Water Bottle | Insulated Stainless Steel |BPA-Free | Azure,,https://m.media-amazon.com/images/I/51iwy83fgEL._AC_SY879_.jpg,STANLEY,32,USD,,Sports & Outdoors,,product,product,"[133, 266, 396, 515, 624, 831, 1016, 1073, 1124, 1283, 1497, 1497]",1707861600,1497
B003LZPJK2,"NHL '47 Clean Up Adjustable Hat, One Size Fits All",,https://m.media-amazon.com/images/I/81x8k9q9sgL._AC_UX679_.jpg,'47,26,USD,,Sports & Outdoors,,product,product,"[48, 100, 180, 276, 336, 366, 393, 454, 493, 531, 594, 1153]",1641225600,1153
B0CT49XPPY,Stanley IceFlow Flip Straw Tumbler with Handle 30 oz | Twist On Lid and Flip Up Straw | Leak Resistant Water Bottle | Insulated Stainless Steel |BPA-Free | Pomelo,,https://m.media-amazon.com/images/I/51Nmo3fBZ9L._AC_SY879_.jpg,STANLEY,35,USD,,Sports & Outdoors,,product,product,"[50, 213, 330, 419, 492, 596, 711, 780, 811, 864, 955, 955]",1707613200,955
B096L54LY8,"BalanceFrom Rubber Coated Hex Dumbbell Weight Set and Storage Rack, Multiple Packages",,https://m.media-amazon.com/images/I/91e89XFkCKL._AC_SX355_.jpg,BalanceFrom,15,USD,,Sports & Outdoors,,product,product,"[95, 201, 282, 351, 388, 407, 429, 457, 468, 485, 512, 953]",1640998800,953
B0D1XD1ZV3,"Apple AirPods Pro 2 Wireless Earbuds, Active Noise Cancellation, Hearing Aid Feature, Bluetooth Headphones, Transparency, Personalized Spatial Audio, High-Fidelity Sound, H2 Chip, USB-C Charging",,https://m.media-amazon.com/images/I/61SUj2aKoEL._AC_SX679_.jpg,Apple,158,USD,,Electronics,,product,product,"[1112, 2716, 7286, 11871, 14112, 17676, 25557, 33080, 33430, 33430, 33430, 33430]",1714532400,33430
B0CLF3VPMV,"Samsung Galaxy Tab A9+ Tablet 11” 64GB Android Tablet, Big Screen, Quad Speakers, Upgraded Chipset, Multi Window Display, Slim, Light, Durable Design, US Version, 2024, Graphite",,https://m.media-amazon.com/images/I/61d46oYQgdL._AC_SX679_.jpg,SAMSUNG,143,USD,,Electronics,,product,product,"[67, 302, 566, 798, 923, 1027, 1517, 1648, 1831, 1971, 3252, 4036]",1705154400,4036
B08164VTWH,"AMD Ryzen 9 5900X 12-core, 24-Thread Unlocked Desktop Processor",,https://m.media-amazon.com/images/I/519sh50JZhL._AC_SY879_.jpg,AMD,267,USD,,Electronics,,product,product,"[2, 4, 6, 17, 39, 50, 63, 109, 134, 219, 328, 3561]",1617328800,3561
B09YMXQMPY,"Alarco Gaming PC Desktop Computer Intel i7 3.40GHz,16GB Ram,1TB Hard Drive,Windows 10 pro,WiFi Ready,Video Card Nvidia GTX 750 4GB, 3 RGB Fans with Remote",,https://m.media-amazon.com/images/I/71Oz5viCWZL._AC_SX679_.jpg,Alarco,429,USD,,Electronics,,product,product,"[37, 44, 87, 132, 172, 194, 317, 930, 1117, 1417, 1672, 3238]",1652983200,3238
B0949SGBF8,"HP 14 Laptop, Intel Celeron N4020, 4 GB RAM, 64 GB Storage, 14-inch HD Touchscreen, Windows 11 Home, Thin & Portable, 4K Graphics, One Year of Microsoft 365 (14-dq0070nr, 2021, Pale Rose Gold)",,https://m.media-amazon.com/images/I/51Y5J6pZxqL._AC_SX522_.jpg,HP,177,USD,,Electronics,,product,product,"[101, 175, 267, 346, 461, 552, 663, 783, 886, 1022, 1238, 2612]",1641024000,2612
B08QMZ4TGF,"Hieha Car Stereo Compatible with Apple Carplay and Android Auto, 7 Inch Double Din Stereo with Bluetooth, Touch Screen Radios MP5 Player with A/V Input, Backup Camera, Mirror Link, SWC",,https://m.media-amazon.com/images/I/81V12-6uF0L._AC_SY355_.jpg,Hieha,119,USD,,Electronics,,product,product,"[154, 307, 451, 570, 686, 799, 924, 1047, 1171, 1286, 1380, 2377]",1641096000,2377
B07NZZZ746,"HyperX QuadCast - USB Condenser Gaming Microphone, for PC, PS4, PS5 and Mac, Anti-Vibration Shock Mount, Four Polar Patterns, Pop Filter, Gain Control, Podcasts, Twitch, YouTube, Discord, Red LED",,https://m.media-amazon.com/images/I/71fvNPxUldL._AC_SY879_.jpg,HyperX,66,USD,,Electronics,,product,product,"[4, 5, 9, 14, 25, 35, 46, 57, 92, 137, 196, 2256]",1611496800,2256
B003D3NEEU,Metra Electronics 95-2001 Double DIN Installation Dash Kit for Select 1994 - 2012 GM Vehicles (packaging may vary),,https://m.media-amazon.com/images/I/61Jeo3wG3cL._AC_SX679_.jpg,Metra,12,USD,,Electronics,,product,product,"[109, 247, 427, 588, 701, 789, 889, 987, 1102, 1172, 1216, 2252]",1640890800,2252
B0BLW25MB7,"IdeaPad 1 14 Laptop, 14.0"" HD Display, Intel Celeron N4020, 4GB RAM, 64GB Storage, Intel UHD Graphics 600, Win 11 in S Mode, Cloud Grey",,https://m.media-amazon.com/images/I/71bphKmt0DL._AC_SX679_.jpg,Lenovo,105,USD,,Electronics,,product,product,"[95, 113, 131, 196, 252, 339, 430, 629, 906, 1216, 1441, 2140]",1670122800,2140
B095SZ4S71,Raycon The Everyday Bluetooth Wireless Earbuds with Microphone- Stereo Sound in-Ear Bluetooth Headset True Wireless Earbuds 32 Hours Playtime (Matte Blue),,https://m.media-amazon.com/images/I/61h4RXE6jEL._AC_SY355_.jpg,Raycon,79,USD,,Electronics,,product,product,"[17, 41, 62, 96, 145, 189, 252, 313, 381, 423, 479, 1931]",1640844000,1931
B08V1R73H9,"Barbie DreamHouse, Doll House Playset with 75+ Furniture & Accessories, 10 Play Areas, Lights & Sounds, Wheelchair-Accessible Elevator (Amazon Exclusive)",,https://m.media-amazon.com/images/I/71hyNeXpOZL._AC_SX679_.jpg,Barbie,229,USD,,Toys & Games,,product,product,"[6, 8, 33, 85, 156, 285, 468, 555, 647, 731, 838, 5061]",1622163600,5061
B0895MW2C9,"klmars Charm Bracelet Making Kit,Jewelry Making Supplies Beads,Unicorn/Mermaid Crafts Gifts Set for Girls Teens Age 5-12",,https://m.media-amazon.com/images/I/818+eTi9bJL._AC_SX679_.jpg,klmars,17,USD,,Toys & Games,,product,product,"[72, 128, 186, 269, 327, 394, 455, 534, 627, 702, 924, 2532]",1641045600,2532
B07TJ51B6W,Great Conversations and Fun Challenges for Date Night - Perfect Romantic Gift for Couples,,https://m.media-amazon.com/images/I/61bm8T11SnL._AC_SX522_.jpg,The Ultimate Game for Couples,24,USD,,Toys & Games,,product,product,"[2, 2, 2, 2, 2, 2, 3, 92, 198, 323, 427, 2341]",1622332800,2341
B07XC3HK9N,"Barbie Camper Playset, 3-in-1 DreamCamper with Pool and 50 Accessories, Transforms into Truck, Boat and House",,https://m.media-amazon.com/images/I/815lS1B3oPL._AC_SX679_.jpg,Odwiedź sklep Barbie,67,USD,,Toys & Games,,product,product,"[13, 20, 29, 45, 74, 157, 283, 297, 313, 336, 387, 1836]",1622300400,1836
B001DIJ48C,"Pokemon TCG Value Pack - 3 Random Booster Packs, 30 Cards Total. Chance at Rares & Holofoils.",,https://m.media-amazon.com/images/I/71UYZOVLiuL._AC_SX679_.jpg,Pokemon,11,USD,,Toys & Games,,product,product,"[1, 1, 2, 2, 2, 4, 4, 4, 9, 17, 98, 1665]",1614938400,1665
B0B9M6N4F1,Pokemon TCG: Sword & Shield Ultra-Premium Collection Charizard,,https://m.media-amazon.com/images/I/71Jl1fNLTIL._AC_SX679_.jpg,Pokemon,119,USD,,Toys & Games,,product,product,"[135, 294, 446, 578, 688, 777, 851, 922, 962, 1005, 1031, 1366]",1664697600,1366
B082N2TFZG,"58 Pcs Doll Clothes and Accessories, 5 Wedding Gowns 5 Fashion Dresses 4 Slip Dresses 3 Tops 3 Pants 3 Bikini Swimsuits 20 Shoes for 11.5 inch Doll Christmas Stocking Stuffers Girls Gift Age 5-7 8-10",,https://m.media-amazon.com/images/I/A1kCsXotvJL._AC_SX425_.jpg,BYMORE,16,USD,,Toys & Games,,product,product,"[16, 44, 63, 90, 105, 136, 150, 175, 191, 216, 311, 1119]",1641351600,1119
B0981BNN9M,Pokemon 25th Anniversary Celebrations Elite Trainer Box,,https://m.media-amazon.com/images/I/61Yb2nb6B8L._AC_SX679_.jpg,Pokemon,109,USD,,Toys & Games,,product,product,"[12, 40, 75, 157, 261, 335, 412, 477, 513, 553, 580, 1041]",1631282400,1041
B08KGRBJS3,"Bluey - Pop 'N' Fun Play Tent - Pops Up in Seconds and Easy Storage, Multicolor",,https://m.media-amazon.com/images/I/81rmG4SYFjL._AC_SX425_.jpg,Bluey,24,USD,,Toys & Games,,product,product,"[17, 24, 29, 40, 45, 56, 84, 102, 111, 123, 170, 1025]",1641412800,1025
B09LHBX493,Pokemon TCG: Sword & Shield Brilliant Stars 36 Count Booster Box,,https://m.media-amazon.com/images/I/61127rpkdAL._AC_SY550_.jpg,Pokemon,211,USD,,Toys & Games,,product,product,"[214, 405, 540, 635, 687, 734, 769, 803, 836, 863, 879, 1007]",1644951600,1007
B0BBQRYN9M,Valve Steam Deck 512GB Handheld Console,,https://m.media-amazon.com/images/I/51TEmAZN6rL._AC_SX569_.jpg,Generic,540,USD,,Tools & Home Improvement,,product,product,"[15, 70, 130, 494, 760, 941, 1155, 1384, 1752, 2157, 2336, 7376]",1666461600,7376
B083FDW3FN,"Vanity Lights for Mirror, RGB Colorful DIY Hollywood Lighted Makeup Vanity Mirror Dimmable Lights, 14-Bulb, RGB (Mirror Not Include)",,https://m.media-amazon.com/images/I/71+UQne8jDL._AC_SX679_.jpg,SICCOO,26,USD,,Tools & Home Improvement,,product,product,"[1, 1, 1, 1, 1, 1, 1, 1, 1, 1, 1, 1801]",1611831600,1801
B08P4NX77N,"Milwaukee 2767-20 M18 FUEL High Torque 1/2"" Impact Wrench with Friction Ring",,https://m.media-amazon.com/images/I/51tLOArc4KL._AC_SX569_.jpg,Milwaukee,140,USD,,Tools & Home Improvement,,product,product,"[38, 83, 124, 166, 195, 230, 268, 341, 385, 420, 489, 1657]",1641481200,1657
B0BB8FDVLQ,"Milwaukee 3697-22 18V Lithium-Ion Brushless Cordless Hammer Drill and Impact Driver Combo Kit (2-Tool) with (2) 5.0Ah Batteries, Charger & Tool Case",,"https://m.media-amazon.com/images/I/61tPewEHdjL._AC_SY879_PIbundle-40,TopRight,0,0_SH20_.jpg",Milwaukee,308,USD,,Tools & Home Improvement,,product,product,"[98, 194, 321, 405, 434, 501, 568, 620, 684, 799, 833, 1653]",1676340000,1653
B08VN7CSTJ,"Milwaukee 2962-20 M18 18V Fuel 1/2"" Mid-torque Impact Wrench with Friction Ring",,https://m.media-amazon.com/images/I/61plOAewXcL._AC_SY879_.jpg,Milwaukee,184,USD,,Tools & Home Improvement,,product,product,"[25, 65, 111, 148, 190, 222, 252, 283, 331, 365, 429, 1384]",1641042000,1384
B0BDF8CVBN,"Under Cabinet Lights,40 LED Rechargeable Battery Operated Motion Sensor Light Indoor, 2 Pack Magnetic Dimmable Closet Lights, Wireless Under Counter Lights for Kitchen, Stairs (White Light)",,"https://m.media-amazon.com/images/I/61Yz671PUuL._AC_SX679_PIbundle-2,TopRight,0,0_SH20_.jpg",MCGOR,18,USD,,Tools & Home Improvement,,product,product,"[3, 4, 5, 6, 10, 21, 32, 53, 92, 124, 185, 1379]",1672707600,1379
B0868HY623,"White crown LED Desk Lamp Dimmable Table Lamp Reading Lamp with USB Charging Port, 5 Lighting Modes, Sensitive Control, 30/60 Minutes Auto-Off Timer, Eye-Caring Office Lamp",,https://m.media-amazon.com/images/I/41Gyn96VAuL._AC_SX679_.jpg,White crown,15,USD,,Tools & Home Improvement,,product,product,"[39, 59, 87, 115, 144, 177, 203, 245, 259, 284, 312, 1370]",1641085200,1370
B091GCJ4RT,"Sengled Alexa WiFi Light Bulb - Smart Bulbs That Work with Alexa/Google Assistant, A19 Daylight (5000K) - No Hub Required, 800LM 60W High CRI)60 Equivalent, Pack of 4",,https://m.media-amazon.com/images/I/61SSaEb+PHS._AC_SX679_.jpg,Sengled,11,USD,,Tools & Home Improvement,,product,product,"[54, 100, 171, 219, 245, 282, 339, 371, 393, 435, 475, 1017]",1640995200,1017
B09B9SN7FR,Doeean Let's Eat Wall Decor Letter Signs Acrylic Mirror Wall Decals Decorations Stickers for Kitchen or Dining Room (Silver 26.3 X 13.2),,https://m.media-amazon.com/images/I/614YvkBjPeL._AC_SX679_.jpg,Doeean,19,USD,,Tools & Home Improvement,,product,product,"[34, 80, 152, 223, 269, 327, 377, 431, 490, 525, 557, 974]",1641092400,974
B08G8MGJ97,"Shower Head, 8 Inch High Pressure Rainfall Shower Head/Handheld Shower Combo with 11 Inch Extension Arm, 9 Settings Adjustable Anti-leak Shower Head with Holder/Hose, Height/Angle Adjustable",,https://m.media-amazon.com/images/I/71z4kIdF3PL._AC_SX679_.jpg,Tudoccy,41,USD,,Tools & Home Improvement,,product,product,"[30, 89, 149, 246, 295, 309, 339, 351, 366, 382, 401, 955]",1641438000,955
B00AHAWWO0,"Crest 3D Whitestrips, Professional Effects, Teeth Whitening Strip Kit, 44 Strips (22 Count Pack)",,https://m.media-amazon.com/images/I/61IylKAap-L._SX679_.jpg,Crest,42,USD,,Health & Household,,product,product,"[1, 1, 2, 3, 3, 3, 3, 3, 3, 4, 6, 4681]",1611691200,4681
B000GISTZ4,"Optimum Nutrition Gold Standard 100% Whey Muscle Building and Recovery Protein Powder With Naturally Occurring Glutamine and BCAA Amino Acids, Vanilla Ice Cream Flavour, 30 Servings, 900 g",,https://m.media-amazon.com/images/I/713+UcjZNUL._AC_SY450_.jpg,Optimum Nutrition,39,USD,,Health & Household,,product,product,"[6, 7, 14, 20, 22, 26, 31, 33, 47, 80, 136, 2404]",1619092800,2404
B077YCC84H,"Crest 3D Whitestrips, Vivid Plus, Teeth Whitening Strip Kit, 24 Count (Pack of 1)",,https://m.media-amazon.com/images/I/81TgnMVRd4L._SX679_.jpg,Crest,29,USD,,Health & Household,,product,product,"[1, 2, 2, 2, 2, 2, 21, 113, 242, 412, 560, 1995]",1623200400,1995
B002DYIZHQ,"Optimum Nutrition Gold Standard 100% Whey Protein Powder, French Vanilla Creme, 2 Pound (Packaging May Vary)",,https://m.media-amazon.com/images/I/71VGcNxh4ML._AC_SX522_.jpg,Optimum Nutrition,41,USD,,Health & Household,,product,product,"[1, 2, 4, 4, 6, 8, 13, 17, 81, 115, 138, 1779]",1620086400,1779
B074P2M8N8,"Cloud Massage Shiatsu Foot Massager with Heat - Feet Massager for Relaxation, Plantar Fasciitis Relief, Neuropathy, Circulation, and Heat Therapy - FSA/HSA Eligible (White - No Remote)",,https://m.media-amazon.com/images/I/61040COMVwL._AC_SX679_.jpg,Cloud Massage,222,USD,,Health & Household,,product,product,"[1, 1, 1, 1, 38, 153, 256, 554, 602, 627, 659, 1417]",1628924400,1417
B0CWS5QP8F,"MaryRuth's Liquid Multivitamin + Lustriva® Hair Growth for Women| Biotin 10000mcg | Vitamin D | B Vitamins |Clinically Tested for Thicker Hair, Wrinkles, Fine Lines, Skin Care| Ages 18+ | 15.22 Fl Oz",,https://m.media-amazon.com/images/I/81ZN0tPH+ZL._AC_SX679_.jpg,MaryRuth Organics,31,USD,,Health & Household,,product,product,"[61, 112, 213, 306, 478, 622, 781, 961, 1202, 1380, 1380, 1380]",1709917200,1380
B07PHB5JKF,"iSmile Teeth Whitening Kit - LED Light, 35% Carbamide Peroxide, (3) 3ml Gel Syringes, (1) Remineralization Gel, and Tray.",,https://m.media-amazon.com/images/I/61CLMh5hEzL._AC_SX679_.jpg,iSmile Whitening,24,USD,,Health & Household,,product,product,"[2, 2, 3, 116, 275, 398, 526, 625, 704, 757, 759, 1200]",1633194000,1200
B00641RE7G,Temptooth #1 Seller Trusted Patented Temporary Tooth Replacement Product,,https://m.media-amazon.com/images/I/61EPgPbrWhL._AC_SX679_.jpg,Temptooth,32,USD,,Health & Household,,product,product,"[44, 94, 146, 218, 277, 349, 401, 447, 484, 510, 546, 1198]",1641081600,1198
B06Y5ZG66K,"Premier Protein Powder, Chocolate Milkshake, 30g Protein, 1g Sugar, 100% Whey Protein, Keto Friendly, No Soy Ingredients, Gluten Free, 17 servings, 24.5 ounces",,https://m.media-amazon.com/images/I/816IAkrCrQL._AC_SX466_.jpg,Premier Protein,25,USD,,Health & Household,,product,product,"[32, 52, 63, 82, 114, 145, 189, 234, 268, 305, 325, 1163]",1641153600,1163
B0072F8D7S,"Nature's Bounty Advanced Hair, Skin & Nails, Argan-Infused Vitamin Supplement with Biotin and Hyaluronic Acid, 150 Rapid Release Softgels",,https://m.media-amazon.com/images/I/71-LMABJZGL._AC_SY879_.jpg,Nature's Bounty,11,USD,,Health & Household,,product,product,"[1, 1, 1, 1, 1, 8, 60, 104, 148, 209, 258, 1090]",1626084000,1090
B09C8HR4Z9,"Land Guard Galvanized Raised Garden Bed Kit, Galvanized Planter Garden Boxes Outdoor, Oval Large Metal for Vegetables………",,https://m.media-amazon.com/images/I/61I+l9IhJWL._AC_SX679_.jpg,Land Guard,39,USD,,"Patio, Lawn & Garden",,product,product,"[32, 136, 256, 349, 386, 402, 413, 424, 428, 440, 450, 1103]",1644289200,1103
B0D7PPG25F,"Jackery Explorer 1000 v2 Portable Power Station(2024 New),1070Wh LiFePO4 Battery,1500W AC/100W USB-C Output, 1 Hr Fast Charge, Solar Generator for Outdoor Camping,Emergency, RV, Off-grid Living",,https://m.media-amazon.com/images/I/61JVKysP1nL._AC_SX679_.jpg,Jackery,284,USD,,"Patio, Lawn & Garden",,product,product,"[10, 41, 86, 148, 1073, 1095, 1095, 1095, 1095, 1095, 1095, 1095]",1720206000,1095
B09P4XQ9Z3,"PayLessHere 3-Piece Rattan Wicker Patio Conversation Bistro Set With 2 Chairs, Cushions and Coffee Table (Khaki)",,https://m.media-amazon.com/images/I/71hEGNj6nIL._AC_SX679_.jpg,PayLessHere,49,USD,,"Patio, Lawn & Garden",,product,product,"[11, 29, 202, 451, 541, 608, 629, 646, 657, 665, 672, 1034]",1644271200,1034
B073Q37CQV,Dual Fuel Combination Charcoal/Gas Grill,,https://m.media-amazon.com/images/I/51VAuj6apEL._AC_SX679_.jpg,BLOSSOMZ,354,USD,,"Patio, Lawn & Garden",,product,product,"[11, 70, 149, 260, 360, 466, 551, 571, 604, 611, 619, 826]",1641070800,826
B07BYPVVYC,10 X 20 Outdoor Wedding Party Tent Camping Shelter Gazebo Canopy with Removable Sidewalls Easy Set Gazebo BBQ Pavilion Canopy Cater Events,,https://m.media-amazon.com/images/I/51+1Rx39uXL._AC_SX679_.jpg,LEMY,82,USD,,"Patio, Lawn & Garden",,product,product,"[6, 13, 35, 69, 120, 157, 208, 259, 304, 321, 362, 814]",1641153600,814
B0C76261YV,"Bestway Steel Pro MAX 12 Foot by 30 Inch Round Above Ground Swimming Pool Set Outdoor Metal Frame Family Pool with Filter Pump, Gray",,https://m.media-amazon.com/images/I/81sQ6QJf-iL._AC_SX679_.jpg,Bestway,153,USD,,"Patio, Lawn & Garden",,product,product,"[22, 114, 286, 527, 711, 765, 770, 771, 773, 774, 774, 774]",1709668800,774
B0B28X7VMS,"PowRyte Electric Pressure Washer, Foam Cannon, 4 Different Pressure Tips, Power Washer, 3800 PSI 2.4 GPM",,https://m.media-amazon.com/images/I/71br1LBe9pL._AC_SX425_.jpg,PowRyte,139,USD,,"Patio, Lawn & Garden",,product,product,"[7, 11, 12, 12, 12, 12, 12, 16, 16, 18, 59, 751]",1663045200,751
B09XCVSJ2F,"PayLessHere Camping Table Plastic Picnic Table Office Table for Parties Wedding Camping Office with Carrying Handle (White, 6 FT)",,https://m.media-amazon.com/images/I/61-UNOdNB6L._AC_SX679_.jpg,PayLessHere,42,USD,,"Patio, Lawn & Garden",,product,product,"[21, 23, 23, 23, 23, 44, 58, 66, 70, 71, 75, 713]",1649466000,713
B01H1R0K68,ThermoPro TP50 Digital Hygrometer Indoor Thermometer Room Thermometer and Humidity Gauge with Temperature Monitor,,https://m.media-amazon.com/images/I/61sk3L14n9L._AC_SX679_.jpg,ThermoPro,10,USD,,"Patio, Lawn & Garden",,product,product,"[2, 2, 2, 5, 6, 9, 10, 16, 22, 53, 76, 712]",1617674400,712
B07KYMBLDX,"Wisteria Lane Outdoor Patio Furniture Set, 7 Piece Wicker Rattan Outdoor Dining Set with Dining Table and Ottomans, Patio Table and Chairs Set, Outdoor Sectional, Grey",,https://m.media-amazon.com/images/I/91FnZS8ZQKL._AC_SX679_.jpg,Wisteria Lane,579,USD,,"Patio, Lawn & Garden",,product,product,"[12, 24, 47, 91, 178, 238, 276, 309, 340, 354, 368, 707]",1641124800,707
